title,price,location
2024新品HP/惠普可选星bookpro16英特尔Evo 13代酷睿i5/i7 轻薄商务办,0.0,
Microsoft/微软 SURFACE Pro34567 surface pro7 微软笔记本电脑,0.0,
Microsoft/微软 SurfaceLaptopGo 3 12.4英寸12代酷睿i5 笔记本电脑 女生办公超薄,0.0,
Microsoft/微软 SurfaceLaptop2 3 4 5 go book 触屏win10笔记本,0.0,
华硕灵耀14 英特尔酷睿i9高颜值超轻薄商务办公笔记本电脑官方旗舰店,0.0,
Microsoft/微软 SurfaceLaptop3 i5 8G 256G 123 go笔记本电脑,0.0,
迷你笔记本电脑10.1英寸超轻薄商务办公本轻薄本便携小尺寸口袋掌上智,0.0,
【美国B&D】微软surface充电器适用pro 4/6/7/5/3线电源电脑笔记本平板go二合一laptop1/2适配器快充65W头45W,0.0,
ThinkPad联想ThinkBook14/16英特尔酷睿Ultra7 1T 2.8K 120Hz轻薄学生,0.0,
微软Surface44w充电器 Pro3/4/5/6/Laptop原装电源适配器15V2.58A,0.0,
旗舰店爆款DELL/戴尔 灵越3000 15.6英寸英特尔酷睿i5笔记本电脑,0.0,
微软SurfaceLaptop5 时尚商务轻薄触控屏笔记本电脑办公,0.0,
微软SurfaceLaptop234/Laptopgo/i5 i7 笔记本平板电脑办公家用,0.0,
戴睿2024新款办公笔记本电脑高颜值最新研发酷睿高端迷你笔记本电脑女,0.0,
Laptopcomputer table bed desk student dormitory learning,0.0,
pad computerlaptopstandlaptopstudy on bed desk table,0.0,
PC PAD bedlaptoptablelaptopdesk computer table Foldable,0.0,
13代英特尔酷睿i9 华硕无畏16笔记本电脑RTX4060游戏本学生办公,0.0,
微软surface原装65WLaptop2/3/4/5电源适配器pro 6/7/8/9充电器,0.0,
Microsoft/微软15寸SurfaceLaptop4 i7笔记本电脑薄商务办公本,0.0,
Foldable bed table Study desklaptoptable Bay window table,0.0,
LaptopStand Aluminum Computer Notebook 笔记本支架折叠不锈钢,0.0,
无界畅玩HP惠普光影精灵可选13代英特尔酷睿i5RTX4050 144Hz游戏本笔,0.0,
Microsoft/微软SurfaceLaptop5 i5/i7系列轻薄微软笔记本电脑,0.0,
微软Surface ProLaptop无线鼠标蓝牙4.0超薄便携时尚设计师舒适,0.0,
Multifunctionallaptopfoldinglaptoptable mini desk on bed,0.0,
2024新品酷睿i7笔记本电脑独显电竞游戏本办公手提大学生设计CAD绘图3,0.0,
Microsoft/微软 SurfaceLaptopi5 8G 256G商务办公笔记本电脑12,0.0,
dormitory bed desklaptoptable of the tray table folding,0.0,
Microsoft/微软 Surface39W 1943电源适配器 充电器Laptopgo/go2,0.0,
笔记本电脑14寸15.6寸N3350/J3455办公教学网课Laptop,0.0,
全国多地换新补贴20%ROG 幻16 Air 酷睿Ultra9 16英寸游戏笔记本电脑A,0.0,
Desk on the bedlaptopdesk foldable small table电脑桌,0.0,
微软surface原装充电器pro4pro5pro678pro9laptop345电源适配器,0.0,
微软Surface44w充电器 Pro3/4/5/6/Laptop原装电源适配器15V2.58A,0.0,
爆款ThinkPad联想ThinkBook14+16+AMD锐龙R7 8845H/8745H游戏级处理器,0.0,
适用微软surfacelaptop15寸商务平板studio2/1笔记本电脑包14.4英寸便携手提包go4防水耐磨13.5斜跨包男,0.0,
"15.6""Laptop, Intel N95 Webcam Processor FHD IPS 笔记本电脑",0.0,
Multifunctionallaptopfoldinglaptoptable mini desk on bed,0.0,
Microsoft/微软 SurfaceLaptopi5go1234轻薄触屏办公笔记本电脑,0.0,
联想扬天V14轻薄商务办公笔记本电脑,0.0,
适用微软SurfaceLaptop3/4/5/7电脑保护壳Laptop2036笔记本机身防摔套13.5英寸外壳保护套屏幕配件,0.0,
Soft Breathable Large Computer Desk Mat Wool FeltLaptopAnt,0.0,
适用微软SurfaceLaptop7保护壳laptop5/4/3/2/1笔记本保护套GO2电脑机身防摔壳全包磨砂防刮壳透明水晶壳,0.0,
爆款锐龙本HP/惠普星Book 14/15锐龙 7000系R5/R7处理器笔记本电脑轻,0.0,
全新微软laptop1769 1782 G3HTA036H DYNK01 surface 电脑 电池,0.0,
Desk on the bedlaptopdesk foldable small table电脑桌,0.0,
surfacelaptop3 4 5脚垫防滑垫1868 1872 1950金银黑蓝 1769 82,0.0,
